esi-tfg (0.20161118-1) unstable; urgency=low

  * New release

 -- David Villa Alises <David.Villa@gmail.com>  Fri, 18 Nov 2016 00:18:45 +0000

esi-tfg (0.20151112-1) unstable; urgency=low

  * New release

 -- David Villa Alises <David.Villa@gmail.com>  Thu, 12 Nov 2015 18:57:29 +0100

esi-tfg (0.20151029-1) unstable; urgency=low

  * New release
  * New class for TFM

 -- David Villa Alises <David.Villa@gmail.com>  Thu, 29 Oct 2015 11:10:20 +0100

esi-tfg (0.20150802-1) unstable; urgency=low

  * New release

 -- David Villa Alises <David.Villa@gmail.com>  Sun, 02 Aug 2015 21:24:00 +0200

esi-tfg (0.20150729-1) unstable; urgency=low

  * New release

 -- David Villa Alises <David.Villa@gmail.com>  Wed, 29 Jul 2015 16:03:46 +0200

esi-tfg (0.20150625-1) unstable; urgency=low

  * New release

 -- David Villa Alises <David.Villa@gmail.com>  Thu, 25 Jun 2015 13:08:30 +0200

esi-tfg (0.20150514-1) unstable; urgency=low

  * New release

 -- David Villa Alises <David.Villa@gmail.com>  Thu, 14 May 2015 19:34:56 +0200

esi-tfg (0.20131022.1-1) unstable; urgency=low

  * New release
  * More depends

 -- David Villa Alises <David.Villa@gmail.com>  Tue, 22 Oct 2013 13:38:12 +0200

esi-tfg (0.20131022-1) unstable; urgency=low

  * New release

 -- David Villa Alises <David.Villa@gmail.com>  Tue, 22 Oct 2013 13:33:48 +0200

esi-tfg (0.20131018-1) unstable; urgency=low

  * New release
  * Included pre-tfg class

 -- David Villa Alises <David.Villa@gmail.com>  Fri, 18 Oct 2013 11:38:15 +0200

esi-tfg (0.20130905-1) unstable; urgency=low

  * esi-tfg latex class

 -- David Villa Alises <David.Villa@gmail.com>  Thu, 05 Sep 2013 15:59:08 +0200
